image_url,local_path,name,category
http://i0.wp.com/picjumbo.com/wp-content/uploads/amazing-shot-of-an-eye-at-sunset-free-image.jpg?w=2210&quality=70,full/3e5cbacbcb7ac3fd8868cd76f4d4e051adfbaaf0.jpg,Amazing Shot of an Eye at Sunset Free Image,Abstract
http://i0.wp.com/picjumbo.com/wp-content/uploads/amazing-shot-of-an-eye-at-sunset-free-image.jpg?w=1024&quality=50,full/7439a4f18bfc2f246ee676871fa4fdb2e1343ad6.jpg,Amazing Shot of an Eye at Sunset Free Image,Abstract
http://i0.wp.com/picjumbo.com/wp-content/uploads/viktorhanacek-free-photo.jpg?resize=100,full/27d418e8ea62edf0508b194029b724cc3b68fb35.jpg,Amazing Shot of an Eye at Sunset Free Image,Abstract
http://i0.wp.com/picjumbo.com/wp-content/uploads/amazing-shot-of-an-eye-at-sunset-free-image.jpg?w=600&quality=80,full/118b82f289fe7ca41f31813686b098ee5bab4324.jpg,Amazing Shot of an Eye at Sunset Free Image,Abstract
http://i0.wp.com/picjumbo.com/wp-content/uploads/amazing-shot-of-an-eye-at-sunset-free-image.jpg?w=1500&quality=50,full/1404f5b92a8088b7076372a6b5d2470f163ad944.jpg,Amazing Shot of an Eye at Sunset Free Image,Abstract
http://i0.wp.com/picjumbo.com/wp-content/uploads/red-and-blue-pillars-wallpaper-abstract-background-free-image.jpeg?w=1500&quality=50,full/3d9b0785daa4be291a0bbb004f4222042071c7e6.jpg,Red and Blue Pillars Wallpaper Abstract Background Free Image,Abstract
http://i0.wp.com/picjumbo.com/wp-content/uploads/red-and-blue-pillars-wallpaper-abstract-background-free-image.jpeg?w=600&quality=80,full/499b2cdc63e5273c1798da348282dfadb9bdb307.jpg,Red and Blue Pillars Wallpaper Abstract Background Free Image,Abstract
http://i0.wp.com/picjumbo.com/wp-content/uploads/viktorhanacek-free-photo.jpg?resize=100,full/27d418e8ea62edf0508b194029b724cc3b68fb35.jpg,Red and Blue Pillars Wallpaper Abstract Background Free Image,Abstract
http://i0.wp.com/picjumbo.com/wp-content/uploads/red-and-blue-pillars-wallpaper-abstract-background-free-image.jpeg?w=1024&quality=50,full/0ebb79de67538584f6233c94db054c98ee900028.jpg,Red and Blue Pillars Wallpaper Abstract Background Free Image,Abstract
http://i0.wp.com/picjumbo.com/wp-content/uploads/red-and-blue-pillars-wallpaper-abstract-background-free-image.jpeg?w=2210&quality=70,full/b6ef77ed1703d12285b45f3b93d61f3b60ed7c40.jpg,Red and Blue Pillars Wallpaper Abstract Background Free Image,Abstract
http://i0.wp.com/picjumbo.com/wp-content/uploads/red-purple-blue-smoke-abstract-wallpaper-free-image.jpg?w=2210&quality=70,full/e85ae1a3f149cdbae7d06136fbe6e71a7920f41e.jpg,Red Purple Blue Smoke Abstract Wallpaper Free Image,Abstract
http://i0.wp.com/picjumbo.com/wp-content/uploads/red-purple-blue-smoke-abstract-wallpaper-free-image.jpg?w=600&quality=80,full/7071a635d918530e04de8d612e3ce8f64c58ed1f.jpg,Red Purple Blue Smoke Abstract Wallpaper Free Image,Abstract
http://i0.wp.com/picjumbo.com/wp-content/uploads/red-purple-blue-smoke-abstract-wallpaper-free-image.jpg?w=1024&quality=50,full/a611c2598202b786471b43403aee137b91bb67a2.jpg,Red Purple Blue Smoke Abstract Wallpaper Free Image,Abstract
http://i0.wp.com/picjumbo.com/wp-content/uploads/viktorhanacek-free-photo.jpg?resize=100,full/27d418e8ea62edf0508b194029b724cc3b68fb35.jpg,Red Purple Blue Smoke Abstract Wallpaper Free Image,Abstract
http://i0.wp.com/picjumbo.com/wp-content/uploads/red-purple-blue-smoke-abstract-wallpaper-free-image.jpg?w=1500&quality=50,full/0605cfb401c7cb7f5b3eb5514f14310787829496.jpg,Red Purple Blue Smoke Abstract Wallpaper Free Image,Abstract
http://i0.wp.com/picjumbo.com/wp-content/uploads/futuristic-3d-background-images.jpg?resize=520,full/becdd34e6abf5b78c783146729f0b2b37b641dae.jpg,3D UI Abstract Glassy Liquid Element Background Free Image,Abstract
http://i0.wp.com/picjumbo.com/wp-content/uploads/picjumbo-premium-futuristic-3d-backgrounds-18.jpeg?w=2210&quality=70,full/302322223a3be52ee6d18669240e7cc6689d348f.jpg,3D UI Abstract Glassy Liquid Element Background Free Image,Abstract
http://i0.wp.com/picjumbo.com/wp-content/uploads/picjumbo-premium-futuristic-3d-backgrounds-18.jpeg?w=1024&quality=50,full/14e9db2712a776d82f63c39099727a89666be478.jpg,3D UI Abstract Glassy Liquid Element Background Free Image,Abstract
http://i0.wp.com/picjumbo.com/wp-content/uploads/picjumbo-premium-futuristic-3d-backgrounds-18.jpeg?w=600&quality=80,full/2c0df205af42c0bb30383cdc8378e8ba2a44ee72.jpg,3D UI Abstract Glassy Liquid Element Background Free Image,Abstract
http://i0.wp.com/picjumbo.com/wp-content/uploads/futuristic-3d-background-images.jpg?resize=260,full/d217b0df831858cf51a3f17643961bee1ea512d4.jpg,3D UI Abstract Glassy Liquid Element Background Free Image,Abstract
http://i0.wp.com/picjumbo.com/wp-content/uploads/viktorhanacek-free-photo.jpg?resize=100,full/27d418e8ea62edf0508b194029b724cc3b68fb35.jpg,3D UI Abstract Glassy Liquid Element Background Free Image,Abstract
https://picjumbo.com/wp-content/themes/picjumbofree/data/logo_premium_gold.png,full/8ddc4f4496ac23892e892d09803226070923f7c6.jpg,3D UI Abstract Glassy Liquid Element Background Free Image,Abstract
http://i0.wp.com/picjumbo.com/wp-content/uploads/picjumbo-premium-futuristic-3d-backgrounds-18.jpeg?w=1500&quality=50,full/91962ea915c98b6d7a5fa69e3844e94ba3424225.jpg,3D UI Abstract Glassy Liquid Element Background Free Image,Abstract
http://i0.wp.com/picjumbo.com/wp-content/uploads/website-backgrounds-3d-render-elements-download.jpg?quality=50,full/aef8c80fb3441c9e0e92e36a5e762e4e99b85b35.jpg,3D UI Abstract Glassy Liquid Element Background Free Image,Abstract
http://i0.wp.com/picjumbo.com/wp-content/uploads/dollar-currency-money-symbol-in-creative-painting-colors-free-image.jpeg?w=2210&quality=70,full/10f01b298a1c612815befc919a0a933d11f98a42.jpg,Dollar Currency Money Symbol in Creative Painting Colors Free Image,Abstract
http://i0.wp.com/picjumbo.com/wp-content/uploads/dollar-currency-money-symbol-in-creative-painting-colors-free-image.jpeg?w=1500&quality=50,full/c878f2c7c555a9680c409c3646ce83f68d2ef5e5.jpg,Dollar Currency Money Symbol in Creative Painting Colors Free Image,Abstract
http://i0.wp.com/picjumbo.com/wp-content/uploads/viktorhanacek-free-photo.jpg?resize=100,full/27d418e8ea62edf0508b194029b724cc3b68fb35.jpg,Dollar Currency Money Symbol in Creative Painting Colors Free Image,Abstract
http://i0.wp.com/picjumbo.com/wp-content/uploads/dollar-currency-money-symbol-in-creative-painting-colors-free-image.jpeg?w=600&quality=80,full/8f1654bfab606c4f5bddcdd9eb2bc67b03baa3a9.jpg,Dollar Currency Money Symbol in Creative Painting Colors Free Image,Abstract
http://i0.wp.com/picjumbo.com/wp-content/uploads/dollar-currency-money-symbol-in-creative-painting-colors-free-image.jpeg?w=1024&quality=50,full/37116d6c5210460a98f5b7d28f737bcc0033f9bb.jpg,Dollar Currency Money Symbol in Creative Painting Colors Free Image,Abstract
http://i0.wp.com/picjumbo.com/wp-content/uploads/miniature-tin-city-free-image.jpg?w=2210&quality=70,full/bdd5188a208ef7f7be97ba2e49454488c3fe9e60.jpg,Miniature Tin City Free Image,Abstract
http://i0.wp.com/picjumbo.com/wp-content/uploads/miniature-tin-city-free-image.jpg?w=1024&quality=50,full/c1c3a2beb6cc613b6113d37cd8e84e76af3617a6.jpg,Miniature Tin City Free Image,Abstract
http://i0.wp.com/picjumbo.com/wp-content/uploads/miniature-tin-city-free-image.jpg?w=1500&quality=50,full/f6e298532bdc552a5bc58d6111b27531a1691f39.jpg,Miniature Tin City Free Image,Abstract
http://i0.wp.com/picjumbo.com/wp-content/uploads/viktorhanacek-free-photo.jpg?resize=100,full/27d418e8ea62edf0508b194029b724cc3b68fb35.jpg,Miniature Tin City Free Image,Abstract
http://i0.wp.com/picjumbo.com/wp-content/uploads/miniature-tin-city-free-image.jpg?w=600&quality=80,full/88b41ad2b043610f2ccfe1601d130cc3b8b5a818.jpg,Miniature Tin City Free Image,Abstract
http://i0.wp.com/picjumbo.com/wp-content/uploads/brain-cell-free-image.jpg?w=1500&quality=50,full/290a111424a1568ef7f5fd23d3afcb3ac9eecada.jpg,Brain Cell Free Image,Abstract
http://i0.wp.com/picjumbo.com/wp-content/uploads/brain-cell-free-image.jpg?w=1024&quality=50,full/0d7dd822ab9aaae45e6c604efcca0903638e2699.jpg,Brain Cell Free Image,Abstract
http://i0.wp.com/picjumbo.com/wp-content/uploads/brain-cell-free-image.jpg?w=2210&quality=70,full/12e8a3df4012635f43c22edafecab50ff6365f0c.jpg,Brain Cell Free Image,Abstract
http://i0.wp.com/picjumbo.com/wp-content/uploads/viktorhanacek-free-photo.jpg?resize=100,full/27d418e8ea62edf0508b194029b724cc3b68fb35.jpg,Brain Cell Free Image,Abstract
http://i0.wp.com/picjumbo.com/wp-content/uploads/brain-cell-free-image.jpg?w=600&quality=80,full/79ae311999cdb3940b52d19aefabfb000c8f72ab.jpg,Brain Cell Free Image,Abstract
http://i0.wp.com/picjumbo.com/wp-content/uploads/oil-painting-of-a-beach-with-palm-trees-at-sunset-free-image.jpg?w=2210&quality=70,full/0179e991618645911b2164ec70bbd2c4312300f2.jpg,Oil Painting of a Beach with Palm Trees at Sunset Free Image,Abstract
http://i0.wp.com/picjumbo.com/wp-content/uploads/oil-painting-of-a-beach-with-palm-trees-at-sunset-free-image.jpg?w=1500&quality=50,full/1381491c3c07c13fc136070e4d3f84d1d9657d35.jpg,Oil Painting of a Beach with Palm Trees at Sunset Free Image,Abstract
http://i0.wp.com/picjumbo.com/wp-content/uploads/oil-painting-of-a-beach-with-palm-trees-at-sunset-free-image.jpg?w=600&quality=80,full/9bd5e3206dbf313a52348e6a463f60a7f3a938ce.jpg,Oil Painting of a Beach with Palm Trees at Sunset Free Image,Abstract
http://i0.wp.com/picjumbo.com/wp-content/uploads/oil-painting-of-a-beach-with-palm-trees-at-sunset-free-image.jpg?w=1024&quality=50,full/5b35abdbb4d61fbcdb6eee8a2de81f7509c8a06e.jpg,Oil Painting of a Beach with Palm Trees at Sunset Free Image,Abstract
http://i0.wp.com/picjumbo.com/wp-content/uploads/viktorhanacek-free-photo.jpg?resize=100,full/27d418e8ea62edf0508b194029b724cc3b68fb35.jpg,Oil Painting of a Beach with Palm Trees at Sunset Free Image,Abstract
http://i0.wp.com/picjumbo.com/wp-content/uploads/psychedelic-space-travel-free-image.jpg?w=1024&quality=50,full/70fed4040661cc3dc5b191985ec8aa496e92daed.jpg,Psychedelic Space Travel Free Image,Abstract
http://i0.wp.com/picjumbo.com/wp-content/uploads/psychedelic-space-travel-free-image.jpg?w=2210&quality=70,full/da863eca4044afcd13e4598d99e5e8ef812f7535.jpg,Psychedelic Space Travel Free Image,Abstract
http://i0.wp.com/picjumbo.com/wp-content/uploads/psychedelic-space-travel-free-image.jpg?w=1500&quality=50,full/a1759a61296dc194b4d2db84385b4a76b6275073.jpg,Psychedelic Space Travel Free Image,Abstract
http://i0.wp.com/picjumbo.com/wp-content/uploads/viktorhanacek-free-photo.jpg?resize=100,full/27d418e8ea62edf0508b194029b724cc3b68fb35.jpg,Psychedelic Space Travel Free Image,Abstract
http://i0.wp.com/picjumbo.com/wp-content/uploads/psychedelic-space-travel-free-image.jpg?w=600&quality=80,full/4ddb4720d4671428c2f3b184def1148d77c86a9b.jpg,Psychedelic Space Travel Free Image,Abstract
http://i0.wp.com/picjumbo.com/wp-content/uploads/liquid-glossy-iridescent-abstract-background-free-image.jpeg?w=600&quality=80,full/b1dfe27b25de6a920d016576a312df5ef0f52157.jpg,Liquid Glossy Iridescent Abstract Background Free Image,Abstract
http://i0.wp.com/picjumbo.com/wp-content/uploads/liquid-glossy-iridescent-abstract-background-free-image.jpeg?w=1024&quality=50,full/2a74fd502c92b4ca572ce614a46b44ac9a4826a7.jpg,Liquid Glossy Iridescent Abstract Background Free Image,Abstract
http://i0.wp.com/picjumbo.com/wp-content/uploads/viktorhanacek-free-photo.jpg?resize=100,full/27d418e8ea62edf0508b194029b724cc3b68fb35.jpg,Liquid Glossy Iridescent Abstract Background Free Image,Abstract
http://i0.wp.com/picjumbo.com/wp-content/uploads/liquid-glossy-iridescent-abstract-background-free-image.jpeg?w=1500&quality=50,full/c2c105d7e91b8345e5280f1ebea72afbffe58195.jpg,Liquid Glossy Iridescent Abstract Background Free Image,Abstract
http://i0.wp.com/picjumbo.com/wp-content/uploads/liquid-glossy-iridescent-abstract-background-free-image.jpeg?w=2210&quality=70,full/6e2c4ecfe87821c3213bc4b6b5b580c9fe6576f5.jpg,Liquid Glossy Iridescent Abstract Background Free Image,Abstract
http://i0.wp.com/picjumbo.com/wp-content/uploads/minimalist-lamps-in-the-middle-of-nowhere-free-image.jpeg?w=1024&quality=50,full/0a74c63a0b39e97bb3e86740ae06780358487401.jpg,Minimalist Lamps in the Middle of Nowhere Free Image,Abstract
http://i0.wp.com/picjumbo.com/wp-content/uploads/minimalist-lamps-in-the-middle-of-nowhere-free-image.jpeg?w=2210&quality=70,full/f2152c060d4b56e52ff61eaa3f6911fce0fd904f.jpg,Minimalist Lamps in the Middle of Nowhere Free Image,Abstract
http://i0.wp.com/picjumbo.com/wp-content/uploads/minimalist-lamps-in-the-middle-of-nowhere-free-image.jpeg?w=600&quality=80,full/23c6aebc3e3c3aa17340a539062d1517354e5d6c.jpg,Minimalist Lamps in the Middle of Nowhere Free Image,Abstract
http://i0.wp.com/picjumbo.com/wp-content/uploads/viktorhanacek-free-photo.jpg?resize=100,full/27d418e8ea62edf0508b194029b724cc3b68fb35.jpg,Minimalist Lamps in the Middle of Nowhere Free Image,Abstract
http://i0.wp.com/picjumbo.com/wp-content/uploads/minimalist-lamps-in-the-middle-of-nowhere-free-image.jpeg?w=1500&quality=50,full/3831ee62724fad679883caa42b30f604351edb7b.jpg,Minimalist Lamps in the Middle of Nowhere Free Image,Abstract
http://i0.wp.com/picjumbo.com/wp-content/uploads/sun-above-digital-grid-in-cyberwave-scenery-free-image.jpg?w=2210&quality=70,full/8fa165f7755ffd2298d4a763914bdc3e3a2c30f3.jpg,Sun Above Digital Grid in Cyberwave Scenery Free Image,Abstract
http://i0.wp.com/picjumbo.com/wp-content/uploads/sun-above-digital-grid-in-cyberwave-scenery-free-image.jpg?w=1500&quality=50,full/250d9f88a6b22a8ab501789286a89d3a3f16cdec.jpg,Sun Above Digital Grid in Cyberwave Scenery Free Image,Abstract
http://i0.wp.com/picjumbo.com/wp-content/uploads/sun-above-digital-grid-in-cyberwave-scenery-free-image.jpg?w=600&quality=80,full/fafe99286dc2cc377fff33c521f26e76eb70d4ab.jpg,Sun Above Digital Grid in Cyberwave Scenery Free Image,Abstract
http://i0.wp.com/picjumbo.com/wp-content/uploads/sun-above-digital-grid-in-cyberwave-scenery-free-image.jpg?w=1024&quality=50,full/4f4bb728cac42a00f406160cca2d9038ba754fe3.jpg,Sun Above Digital Grid in Cyberwave Scenery Free Image,Abstract
http://i0.wp.com/picjumbo.com/wp-content/uploads/viktorhanacek-free-photo.jpg?resize=100,full/27d418e8ea62edf0508b194029b724cc3b68fb35.jpg,Sun Above Digital Grid in Cyberwave Scenery Free Image,Abstract
http://i0.wp.com/picjumbo.com/wp-content/uploads/picjumbo-premium-futuristic-3d-backgrounds-92.jpeg?w=600&quality=80,full/85ac0d8983d1e61c08489aeff5dd0d9a2b650a20.jpg,Floating 3D Abstract Futuristic Spline Element Free Image,Abstract
http://i0.wp.com/picjumbo.com/wp-content/uploads/futuristic-3d-background-images.jpg?resize=520,full/becdd34e6abf5b78c783146729f0b2b37b641dae.jpg,Floating 3D Abstract Futuristic Spline Element Free Image,Abstract
http://i0.wp.com/picjumbo.com/wp-content/uploads/picjumbo-premium-futuristic-3d-backgrounds-92.jpeg?w=2210&quality=70,full/53e28ec4e6d1f6c1069f14bfecc5d92797d7db5c.jpg,Floating 3D Abstract Futuristic Spline Element Free Image,Abstract
http://i0.wp.com/picjumbo.com/wp-content/uploads/futuristic-3d-background-images.jpg?resize=260,full/d217b0df831858cf51a3f17643961bee1ea512d4.jpg,Floating 3D Abstract Futuristic Spline Element Free Image,Abstract
http://i0.wp.com/picjumbo.com/wp-content/uploads/picjumbo-premium-futuristic-3d-backgrounds-92.jpeg?w=1500&quality=50,full/4b80f3fd34cad84f85b79284c8448e1bd65528b0.jpg,Floating 3D Abstract Futuristic Spline Element Free Image,Abstract
http://i0.wp.com/picjumbo.com/wp-content/uploads/picjumbo-premium-futuristic-3d-backgrounds-92.jpeg?w=1024&quality=50,full/f01efbe06d085f974d6a295cbc742f51bd76eeaa.jpg,Floating 3D Abstract Futuristic Spline Element Free Image,Abstract
http://i0.wp.com/picjumbo.com/wp-content/uploads/viktorhanacek-free-photo.jpg?resize=100,full/27d418e8ea62edf0508b194029b724cc3b68fb35.jpg,Floating 3D Abstract Futuristic Spline Element Free Image,Abstract
https://picjumbo.com/wp-content/themes/picjumbofree/data/logo_premium_gold.png,full/8ddc4f4496ac23892e892d09803226070923f7c6.jpg,Floating 3D Abstract Futuristic Spline Element Free Image,Abstract
http://i0.wp.com/picjumbo.com/wp-content/uploads/website-backgrounds-3d-render-elements-download.jpg?quality=50,full/aef8c80fb3441c9e0e92e36a5e762e4e99b85b35.jpg,Floating 3D Abstract Futuristic Spline Element Free Image,Abstract
http://i0.wp.com/picjumbo.com/wp-content/uploads/lost-in-light-light-leaks-images.jpg?quality=50,full/75f04403f586325be6da484ae80156d4dbb011d0.jpg,Abstract Vintage City Bokeh Free Image,Abstract
http://i0.wp.com/picjumbo.com/wp-content/uploads/lost-in-light-abstract-artistic-stock-images.jpg?resize=260,full/303d748ea77b87edab22688e0cb71cce8890ee8a.jpg,Abstract Vintage City Bokeh Free Image,Abstract
http://i0.wp.com/picjumbo.com/wp-content/uploads/lost-in-light-abstract-artistic-stock-images.jpg?resize=520,full/1941600e792b154fbcfc015d5a0940ddab06a87f.jpg,Abstract Vintage City Bokeh Free Image,Abstract
http://i0.wp.com/picjumbo.com/wp-content/uploads/abstract-vintage-city-bokeh-free-image.jpeg?w=1024&quality=50,full/92e997cc680a023b6cae1103a91fa1478ad3a9f5.jpg,Abstract Vintage City Bokeh Free Image,Abstract
http://i0.wp.com/picjumbo.com/wp-content/uploads/viktorhanacek-free-photo.jpg?resize=100,full/27d418e8ea62edf0508b194029b724cc3b68fb35.jpg,Abstract Vintage City Bokeh Free Image,Abstract
http://i0.wp.com/picjumbo.com/wp-content/uploads/abstract-vintage-city-bokeh-free-image.jpeg?w=1500&quality=50,full/d70c5339e7ac80362ee91cadc2a1d10ab589ded2.jpg,Abstract Vintage City Bokeh Free Image,Abstract
http://i0.wp.com/picjumbo.com/wp-content/uploads/abstract-vintage-city-bokeh-free-image.jpeg?w=600&quality=80,full/2b7caf12b0f3e92766d4baf69658cc2e42b4445a.jpg,Abstract Vintage City Bokeh Free Image,Abstract
https://picjumbo.com/wp-content/themes/picjumbofree/data/logo_premium_gold.png,full/8ddc4f4496ac23892e892d09803226070923f7c6.jpg,Abstract Vintage City Bokeh Free Image,Abstract
http://i0.wp.com/picjumbo.com/wp-content/uploads/abstract-vintage-city-bokeh-free-image.jpeg?w=2210&quality=70,full/fec3733639a3a79c111327aa02329d2cdac9607d.jpg,Abstract Vintage City Bokeh Free Image,Abstract
http://i0.wp.com/picjumbo.com/wp-content/uploads/fast-stripes-colored-lines-background-free-image.jpg?w=2210&quality=70,full/37caf517a0ffeb7d852b5e45170faf89850f03d3.jpg,Fast Stripes Colored Lines Background Free Image,Abstract
http://i0.wp.com/picjumbo.com/wp-content/uploads/fast-stripes-colored-lines-background-free-image.jpg?w=600&quality=80,full/35b7bac782e00b8b7c907a239148a212486da01c.jpg,Fast Stripes Colored Lines Background Free Image,Abstract
http://i0.wp.com/picjumbo.com/wp-content/uploads/abstract-lines-premium-visuals-and-wallpapers.jpg?resize=520,full/49143c7bd7c65b95a4ecf4e63f101a1694f93b97.jpg,Fast Stripes Colored Lines Background Free Image,Abstract
http://i0.wp.com/picjumbo.com/wp-content/uploads/fast-stripes-colored-lines-background-free-image.jpg?w=1024&quality=50,full/a0a657778b889f8fe4ff43667a1236315b7787aa.jpg,Fast Stripes Colored Lines Background Free Image,Abstract
http://i0.wp.com/picjumbo.com/wp-content/uploads/fast-stripes-colored-lines-background-free-image.jpg?w=1500&quality=50,full/b9b38fc8481aeee5c2ff832628e56dd5acf83385.jpg,Fast Stripes Colored Lines Background Free Image,Abstract
http://i0.wp.com/picjumbo.com/wp-content/uploads/viktorhanacek-free-photo.jpg?resize=100,full/27d418e8ea62edf0508b194029b724cc3b68fb35.jpg,Fast Stripes Colored Lines Background Free Image,Abstract
https://picjumbo.com/wp-content/themes/picjumbofree/data/logo_premium_gold.png,full/8ddc4f4496ac23892e892d09803226070923f7c6.jpg,Fast Stripes Colored Lines Background Free Image,Abstract
http://i0.wp.com/picjumbo.com/wp-content/uploads/abstract-lines-premium-visuals-and-wallpapers.jpg?resize=260,full/85cec3270e2f5b119db497f9405630710745db9d.jpg,Fast Stripes Colored Lines Background Free Image,Abstract
http://i0.wp.com/picjumbo.com/wp-content/uploads/abstract-lines-wallpapers.jpg?quality=50,full/6c74b83dfeecf55b69556bfc78050e1a976a56fd.jpg,Fast Stripes Colored Lines Background Free Image,Abstract
http://i0.wp.com/picjumbo.com/wp-content/uploads/finance-growth-saving-investments-charts-wall-street-bull.jpg?quality=50,full/772ce516a01b389005d366dcc5d6d6d0ca0fb642.jpg,Stock Market Illustrative Image Free Image,Abstract
http://i0.wp.com/picjumbo.com/wp-content/uploads/finance-personal-finance-manager.jpg?resize=260,full/09d5df62114be72a959f5c4288e6ff57946ad49b.jpg,Stock Market Illustrative Image Free Image,Abstract
http://i0.wp.com/picjumbo.com/wp-content/uploads/finance-personal-finance-manager.jpg?resize=520,full/fea75fd330f888dc0330b8199d8dfcdf0504c8c1.jpg,Stock Market Illustrative Image Free Image,Abstract
http://i0.wp.com/picjumbo.com/wp-content/uploads/stock-market-illustrative-image-free-image.jpeg?w=2210&quality=70,full/b5bf3da64ff716ac4039ab5a1394c41e2fa31eda.jpg,Stock Market Illustrative Image Free Image,Abstract
http://i0.wp.com/picjumbo.com/wp-content/uploads/viktorhanacek-free-photo.jpg?resize=100,full/27d418e8ea62edf0508b194029b724cc3b68fb35.jpg,Stock Market Illustrative Image Free Image,Abstract
https://picjumbo.com/wp-content/themes/picjumbofree/data/logo_premium_gold.png,full/8ddc4f4496ac23892e892d09803226070923f7c6.jpg,Stock Market Illustrative Image Free Image,Abstract
http://i0.wp.com/picjumbo.com/wp-content/uploads/stock-market-illustrative-image-free-image.jpeg?w=600&quality=80,full/e6a583829e9165e56e67b7ba07feb3bf963db66e.jpg,Stock Market Illustrative Image Free Image,Abstract
http://i0.wp.com/picjumbo.com/wp-content/uploads/stock-market-illustrative-image-free-image.jpeg?w=1024&quality=50,full/47e0c0061257f1fafd7ed4749872979625ca71c1.jpg,Stock Market Illustrative Image Free Image,Abstract
http://i0.wp.com/picjumbo.com/wp-content/uploads/stock-market-illustrative-image-free-image.jpeg?w=1500&quality=50,full/0e7b439c27c2a9b61d26cbfb93947c123ae572c0.jpg,Stock Market Illustrative Image Free Image,Abstract
http://i0.wp.com/picjumbo.com/wp-content/uploads/picjumbo-premium-futuristic-3d-backgrounds-28.jpeg?w=2210&quality=70,full/56ca3794d7db115a249978ec3e7ea9c970e3bf0d.jpg,Glass 3D Element Free Image,Abstract
http://i0.wp.com/picjumbo.com/wp-content/uploads/futuristic-3d-background-images.jpg?resize=520,full/becdd34e6abf5b78c783146729f0b2b37b641dae.jpg,Glass 3D Element Free Image,Abstract
http://i0.wp.com/picjumbo.com/wp-content/uploads/futuristic-3d-background-images.jpg?resize=260,full/d217b0df831858cf51a3f17643961bee1ea512d4.jpg,Glass 3D Element Free Image,Abstract
http://i0.wp.com/picjumbo.com/wp-content/uploads/website-backgrounds-3d-render-elements-download.jpg?quality=50,full/aef8c80fb3441c9e0e92e36a5e762e4e99b85b35.jpg,Glass 3D Element Free Image,Abstract
http://i0.wp.com/picjumbo.com/wp-content/uploads/viktorhanacek-free-photo.jpg?resize=100,full/27d418e8ea62edf0508b194029b724cc3b68fb35.jpg,Glass 3D Element Free Image,Abstract
https://picjumbo.com/wp-content/themes/picjumbofree/data/logo_premium_gold.png,full/8ddc4f4496ac23892e892d09803226070923f7c6.jpg,Glass 3D Element Free Image,Abstract
http://i0.wp.com/picjumbo.com/wp-content/uploads/picjumbo-premium-futuristic-3d-backgrounds-28.jpeg?w=1024&quality=50,full/819e5b4c75ebf75d249c6a6daac854e9d6b18000.jpg,Glass 3D Element Free Image,Abstract
http://i0.wp.com/picjumbo.com/wp-content/uploads/picjumbo-premium-futuristic-3d-backgrounds-28.jpeg?w=1500&quality=50,full/a205e87b598147ee65714fc658c4b56f73c53c3d.jpg,Glass 3D Element Free Image,Abstract
http://i0.wp.com/picjumbo.com/wp-content/uploads/picjumbo-premium-futuristic-3d-backgrounds-28.jpeg?w=600&quality=80,full/c93f547d7d98b3c40f678e949c146350c73d67b7.jpg,Glass 3D Element Free Image,Abstract
http://i0.wp.com/picjumbo.com/wp-content/uploads/purple-smoke-wallpaper-background-free-image.jpeg?w=1024&quality=50,full/8cae5a5178b32588195e02759923c4016c62df8c.jpg,Purple Smoke Wallpaper Background Free Image,Abstract
http://i0.wp.com/picjumbo.com/wp-content/uploads/purple-smoke-wallpaper-background-free-image.jpeg?w=600&quality=80,full/3be43e0468eabac1e10ad02fcfadcbcecea3a3f7.jpg,Purple Smoke Wallpaper Background Free Image,Abstract
http://i0.wp.com/picjumbo.com/wp-content/uploads/purple-smoke-wallpaper-background-free-image.jpeg?w=1500&quality=50,full/f884d58c5c48b1821d7fa9126986e67c1e126c89.jpg,Purple Smoke Wallpaper Background Free Image,Abstract
http://i0.wp.com/picjumbo.com/wp-content/uploads/purple-smoke-wallpaper-background-free-image.jpeg?w=2210&quality=70,full/7e3a7160237602b95d154ee124eb7d7a42ecb58d.jpg,Purple Smoke Wallpaper Background Free Image,Abstract
http://i0.wp.com/picjumbo.com/wp-content/uploads/viktorhanacek-free-photo.jpg?resize=100,full/27d418e8ea62edf0508b194029b724cc3b68fb35.jpg,Purple Smoke Wallpaper Background Free Image,Abstract
http://i0.wp.com/picjumbo.com/wp-content/uploads/new-york-street-photography-at-sunset-free-image.jpeg?w=1024&quality=50,full/2660a91a8cec1651eceefd0047d003f25bad0023.jpg,New York Street Photography at Sunset Free Image,Abstract
http://i0.wp.com/picjumbo.com/wp-content/uploads/lost-in-light-light-leaks-images.jpg?quality=50,full/75f04403f586325be6da484ae80156d4dbb011d0.jpg,New York Street Photography at Sunset Free Image,Abstract
http://i0.wp.com/picjumbo.com/wp-content/uploads/new-york-street-photography-at-sunset-free-image.jpeg?w=1500&quality=50,full/390dd01d05ad74101b74654160d10ed735d6b249.jpg,New York Street Photography at Sunset Free Image,Abstract
http://i0.wp.com/picjumbo.com/wp-content/uploads/lost-in-light-abstract-artistic-stock-images.jpg?resize=260,full/303d748ea77b87edab22688e0cb71cce8890ee8a.jpg,New York Street Photography at Sunset Free Image,Abstract
http://i0.wp.com/picjumbo.com/wp-content/uploads/lost-in-light-abstract-artistic-stock-images.jpg?resize=520,full/1941600e792b154fbcfc015d5a0940ddab06a87f.jpg,New York Street Photography at Sunset Free Image,Abstract
http://i0.wp.com/picjumbo.com/wp-content/uploads/viktorhanacek-free-photo.jpg?resize=100,full/27d418e8ea62edf0508b194029b724cc3b68fb35.jpg,New York Street Photography at Sunset Free Image,Abstract
https://picjumbo.com/wp-content/themes/picjumbofree/data/logo_premium_gold.png,full/8ddc4f4496ac23892e892d09803226070923f7c6.jpg,New York Street Photography at Sunset Free Image,Abstract
http://i0.wp.com/picjumbo.com/wp-content/uploads/new-york-street-photography-at-sunset-free-image.jpeg?w=2210&quality=70,full/779ad6a4f0ee5f2aeee71b2e3e63a107668375df.jpg,New York Street Photography at Sunset Free Image,Abstract
http://i0.wp.com/picjumbo.com/wp-content/uploads/new-york-street-photography-at-sunset-free-image.jpeg?w=600&quality=80,full/04981e108ebd28c9b360bf47e672167929bff183.jpg,New York Street Photography at Sunset Free Image,Abstract
http://i0.wp.com/picjumbo.com/wp-content/uploads/vibrant-colorful-ink-background-wallpaper-free-image.jpg?w=2210&quality=70,full/efceaf49d2b36e0d8d29de6def421398acd53c23.jpg,Vibrant Colorful Ink Background Wallpaper Free Image,Abstract
http://i0.wp.com/picjumbo.com/wp-content/uploads/viktorhanacek-free-photo.jpg?resize=100,full/27d418e8ea62edf0508b194029b724cc3b68fb35.jpg,Vibrant Colorful Ink Background Wallpaper Free Image,Abstract
http://i0.wp.com/picjumbo.com/wp-content/uploads/vibrant-colorful-ink-background-wallpaper-free-image.jpg?w=1024&quality=50,full/972daa5076a0ec405d133b0f5b305788a9126790.jpg,Vibrant Colorful Ink Background Wallpaper Free Image,Abstract
http://i0.wp.com/picjumbo.com/wp-content/uploads/vibrant-colorful-ink-background-wallpaper-free-image.jpg?w=600&quality=80,full/6f02190ddde3ff166d17fe4b0e1669dc83e71e1b.jpg,Vibrant Colorful Ink Background Wallpaper Free Image,Abstract
http://i0.wp.com/picjumbo.com/wp-content/uploads/vibrant-colorful-ink-background-wallpaper-free-image.jpg?w=1500&quality=50,full/ac35f6b6cb7629f30cb6736804bc396ff011e9c8.jpg,Vibrant Colorful Ink Background Wallpaper Free Image,Abstract
http://i0.wp.com/picjumbo.com/wp-content/uploads/free-colorful-stripes-background-free-image.jpg?w=600&quality=80,full/b625df7ce2ef1c15b8383ba166e292077630e345.jpg,Free Colorful Stripes Background Free Image,Abstract
http://i0.wp.com/picjumbo.com/wp-content/uploads/free-colorful-stripes-background-free-image.jpg?w=1500&quality=50,full/1a85c671bca4e168a7e143fc10aebcbc9801f3f8.jpg,Free Colorful Stripes Background Free Image,Abstract
http://i0.wp.com/picjumbo.com/wp-content/uploads/abstract-lines-premium-visuals-and-wallpapers.jpg?resize=520,full/49143c7bd7c65b95a4ecf4e63f101a1694f93b97.jpg,Free Colorful Stripes Background Free Image,Abstract
http://i0.wp.com/picjumbo.com/wp-content/uploads/free-colorful-stripes-background-free-image.jpg?w=1024&quality=50,full/92b6a98ef9de7a8dafb13634d850af18ed314164.jpg,Free Colorful Stripes Background Free Image,Abstract
http://i0.wp.com/picjumbo.com/wp-content/uploads/viktorhanacek-free-photo.jpg?resize=100,full/27d418e8ea62edf0508b194029b724cc3b68fb35.jpg,Free Colorful Stripes Background Free Image,Abstract
https://picjumbo.com/wp-content/themes/picjumbofree/data/logo_premium_gold.png,full/8ddc4f4496ac23892e892d09803226070923f7c6.jpg,Free Colorful Stripes Background Free Image,Abstract
http://i0.wp.com/picjumbo.com/wp-content/uploads/abstract-lines-premium-visuals-and-wallpapers.jpg?resize=260,full/85cec3270e2f5b119db497f9405630710745db9d.jpg,Free Colorful Stripes Background Free Image,Abstract
http://i0.wp.com/picjumbo.com/wp-content/uploads/abstract-lines-wallpapers.jpg?quality=50,full/6c74b83dfeecf55b69556bfc78050e1a976a56fd.jpg,Free Colorful Stripes Background Free Image,Abstract
http://i0.wp.com/picjumbo.com/wp-content/uploads/free-colorful-stripes-background-free-image.jpg?w=2210&quality=70,full/e6c73d2e5c8fe49df28140fca352ea62fbbc8405.jpg,Free Colorful Stripes Background Free Image,Abstract
http://i0.wp.com/picjumbo.com/wp-content/uploads/3d-polygon-abstract-background-free-photo.jpeg?w=1500&quality=50,full/5d9b92b34d9850cd941af11d38f321dc369137ca.jpg,3D Polygon Abstract Background Free Image,Abstract
http://i0.wp.com/picjumbo.com/wp-content/uploads/viktorhanacek-free-photo.jpg?resize=100,full/27d418e8ea62edf0508b194029b724cc3b68fb35.jpg,3D Polygon Abstract Background Free Image,Abstract
http://i0.wp.com/picjumbo.com/wp-content/uploads/3d-polygon-abstract-background-free-photo.jpeg?w=1024&quality=50,full/4bbff190a4c31493658b4071d293625ddbcdbf01.jpg,3D Polygon Abstract Background Free Image,Abstract
http://i0.wp.com/picjumbo.com/wp-content/uploads/3d-polygon-abstract-background-free-photo.jpeg?w=2210&quality=70,full/ffc103a62d663656f08b4d1ad4c9c410be8c0522.jpg,3D Polygon Abstract Background Free Image,Abstract
http://i0.wp.com/picjumbo.com/wp-content/uploads/3d-polygon-abstract-background-free-photo.jpeg?w=600&quality=80,full/1e19959af970046a657cfbfaa8aad172339a8322.jpg,3D Polygon Abstract Background Free Image,Abstract
http://i0.wp.com/picjumbo.com/wp-content/uploads/blue-background-oil-abstraction-free-image.jpeg?w=1500&quality=50,full/8c9e81640780c20034af6857f13d54e3f77935c9.jpg,Blue Background Oil Abstraction Free Image,Abstract
http://i0.wp.com/picjumbo.com/wp-content/uploads/blue-background-oil-abstraction-free-image.jpeg?w=2210&quality=70,full/1f47267a1e3cfb40a616b71f8858b540b181a9a5.jpg,Blue Background Oil Abstraction Free Image,Abstract
http://i0.wp.com/picjumbo.com/wp-content/uploads/blue-background-oil-abstraction-free-image.jpeg?w=1024&quality=50,full/172711398caaf1c7a0f4345d421271cb9d066f42.jpg,Blue Background Oil Abstraction Free Image,Abstract
http://i0.wp.com/picjumbo.com/wp-content/uploads/viktorhanacek-free-photo.jpg?resize=100,full/27d418e8ea62edf0508b194029b724cc3b68fb35.jpg,Blue Background Oil Abstraction Free Image,Abstract
http://i0.wp.com/picjumbo.com/wp-content/uploads/blue-background-oil-abstraction-free-image.jpeg?w=600&quality=80,full/de9aed2e33e6ceac308e2ff5af7f2bba6485ca2a.jpg,Blue Background Oil Abstraction Free Image,Abstract
http://i0.wp.com/picjumbo.com/wp-content/uploads/dark-tech-alien-glowing-background-wallpaper-free-image.jpg?w=1500&quality=50,full/8ff2af24602e969164f50ef8da9d417f9b2bbfeb.jpg,Dark Tech Alien Glowing Background Wallpaper Free Image,Abstract
http://i0.wp.com/picjumbo.com/wp-content/uploads/dark-tech-alien-glowing-background-wallpaper-free-image.jpg?w=600&quality=80,full/699fd87abd50a2f26f74ca789aa500d024bf43e8.jpg,Dark Tech Alien Glowing Background Wallpaper Free Image,Abstract
http://i0.wp.com/picjumbo.com/wp-content/uploads/viktorhanacek-free-photo.jpg?resize=100,full/27d418e8ea62edf0508b194029b724cc3b68fb35.jpg,Dark Tech Alien Glowing Background Wallpaper Free Image,Abstract
http://i0.wp.com/picjumbo.com/wp-content/uploads/dark-tech-alien-glowing-background-wallpaper-free-image.jpg?w=2210&quality=70,full/c87421d1d662f812e5474670ec3fbbed56c08d9a.jpg,Dark Tech Alien Glowing Background Wallpaper Free Image,Abstract
http://i0.wp.com/picjumbo.com/wp-content/uploads/dark-tech-alien-glowing-background-wallpaper-free-image.jpg?w=1024&quality=50,full/e26ec82a9b669c68143d894d724ac7f3a1a11f14.jpg,Dark Tech Alien Glowing Background Wallpaper Free Image,Abstract
http://i0.wp.com/picjumbo.com/wp-content/uploads/abstract-image-glass-city-skyscrapers-free-photo.jpeg?w=2210&quality=70,full/b310e0f82165f3a68dac30097a65a6379bd5de32.jpg,Abstract Image Glass City Skyscrapers Free Download,Abstract
http://i0.wp.com/picjumbo.com/wp-content/uploads/abstract-image-glass-city-skyscrapers-free-photo.jpeg?w=1500&quality=50,full/8455f9fe90ad4948d552cbaa56f45b325534d816.jpg,Abstract Image Glass City Skyscrapers Free Download,Abstract
http://i0.wp.com/picjumbo.com/wp-content/uploads/abstract-image-glass-city-skyscrapers-free-photo.jpeg?w=1024&quality=50,full/42712b5aabd27b7db39448d39b6419381d3a236e.jpg,Abstract Image Glass City Skyscrapers Free Download,Abstract
http://i0.wp.com/picjumbo.com/wp-content/uploads/viktorhanacek-free-photo.jpg?resize=100,full/27d418e8ea62edf0508b194029b724cc3b68fb35.jpg,Abstract Image Glass City Skyscrapers Free Download,Abstract
http://i0.wp.com/picjumbo.com/wp-content/uploads/abstract-image-glass-city-skyscrapers-free-photo.jpeg?w=600&quality=80,full/8ac886012666f27d51bf1eaae27a7f4a3671fdec.jpg,Abstract Image Glass City Skyscrapers Free Download,Abstract
http://i0.wp.com/picjumbo.com/wp-content/uploads/chaotic-black-and-white-lines-smartphone-wallpaper-free-photo.jpeg?w=600&quality=80,full/9e5b78e48c34fa645c3bfeeae5306d36c3e2a843.jpg,Chaotic Black and White Lines Smartphone Wallpaper Free Image,Abstract
http://i0.wp.com/picjumbo.com/wp-content/uploads/chaotic-black-and-white-lines-smartphone-wallpaper-free-photo.jpeg?w=2210&quality=70,full/6492d7b8a6c2e8cf834ce594b5a4c442089bbbd9.jpg,Chaotic Black and White Lines Smartphone Wallpaper Free Image,Abstract
http://i0.wp.com/picjumbo.com/wp-content/uploads/chaotic-black-and-white-lines-smartphone-wallpaper-free-photo.jpeg?w=1500&quality=50,full/3ed3e09a458afcdc81a4f19ee135e97533334886.jpg,Chaotic Black and White Lines Smartphone Wallpaper Free Image,Abstract
http://i0.wp.com/picjumbo.com/wp-content/uploads/viktorhanacek-free-photo.jpg?resize=100,full/27d418e8ea62edf0508b194029b724cc3b68fb35.jpg,Chaotic Black and White Lines Smartphone Wallpaper Free Image,Abstract
http://i0.wp.com/picjumbo.com/wp-content/uploads/chaotic-black-and-white-lines-smartphone-wallpaper-free-photo.jpeg?w=1024&quality=50,full/3711a44936d8d0624b8741ffabcf598ab3f09f38.jpg,Chaotic Black and White Lines Smartphone Wallpaper Free Image,Abstract
http://i0.wp.com/picjumbo.com/wp-content/uploads/abstract-flower-made-by-fiery-sparks-free-photo.jpeg?w=600&quality=80,full/2373ee6d6a3330ee6b2a4b6d36a6c371b34caeb2.jpg,Abstract Flower Made by Fiery Sparks Free Image,Abstract
http://i0.wp.com/picjumbo.com/wp-content/uploads/abstract-flower-made-by-fiery-sparks-free-photo.jpeg?w=1500&quality=50,full/01cc5819a1d27973564d7846a5501f44edccb610.jpg,Abstract Flower Made by Fiery Sparks Free Image,Abstract
http://i0.wp.com/picjumbo.com/wp-content/uploads/abstract-flower-made-by-fiery-sparks-free-photo.jpeg?w=1024&quality=50,full/e56dbf6802c09a89fa9fe6204c11463808279452.jpg,Abstract Flower Made by Fiery Sparks Free Image,Abstract
http://i0.wp.com/picjumbo.com/wp-content/uploads/viktorhanacek-free-photo.jpg?resize=100,full/27d418e8ea62edf0508b194029b724cc3b68fb35.jpg,Abstract Flower Made by Fiery Sparks Free Image,Abstract
http://i0.wp.com/picjumbo.com/wp-content/uploads/abstract-flower-made-by-fiery-sparks-free-photo.jpeg?w=2210&quality=70,full/c018aa48494082aff9b236f893f4995293423210.jpg,Abstract Flower Made by Fiery Sparks Free Image,Abstract
http://i0.wp.com/picjumbo.com/wp-content/uploads/black-and-white-stripe-abstract-tunnel-free-image.jpeg?w=1500&quality=50,full/4757b2ccd8f69694c57e5c97f01a0961b85408f9.jpg,Black and White Stripe Abstract Tunnel Free Image,Abstract
http://i0.wp.com/picjumbo.com/wp-content/uploads/viktorhanacek-free-photo.jpg?resize=100,full/27d418e8ea62edf0508b194029b724cc3b68fb35.jpg,Black and White Stripe Abstract Tunnel Free Image,Abstract
http://i0.wp.com/picjumbo.com/wp-content/uploads/black-and-white-stripe-abstract-tunnel-free-image.jpeg?w=1024&quality=50,full/8073fcd9da0da8a1fc39eb4fa66b0b0825195e56.jpg,Black and White Stripe Abstract Tunnel Free Image,Abstract
http://i0.wp.com/picjumbo.com/wp-content/uploads/black-and-white-stripe-abstract-tunnel-free-image.jpeg?w=2210&quality=70,full/93911171b001e00e4ad48955578a95073e1c4254.jpg,Black and White Stripe Abstract Tunnel Free Image,Abstract
http://i0.wp.com/picjumbo.com/wp-content/uploads/black-and-white-stripe-abstract-tunnel-free-image.jpeg?w=600&quality=80,full/584bfacd719d9377c834ab124cc35cc9ea727a6f.jpg,Black and White Stripe Abstract Tunnel Free Image,Abstract
http://i0.wp.com/picjumbo.com/wp-content/uploads/data-password-security-lock-free-image.jpeg?w=1024&quality=50,full/0ed0dc7e4a9064843d7553be7a9463edcb94a362.jpg,Data Password Security Lock Free Image,Abstract
http://i0.wp.com/picjumbo.com/wp-content/uploads/data-password-security-lock-free-image.jpeg?w=1500&quality=50,full/fa07abbd227e986ca9cc29d7e723124060b67df0.jpg,Data Password Security Lock Free Image,Abstract
http://i0.wp.com/picjumbo.com/wp-content/uploads/data-password-security-lock-free-image.jpeg?w=2210&quality=70,full/527aef473ac042da0081bd46d9f6919dd2f7e640.jpg,Data Password Security Lock Free Image,Abstract
http://i0.wp.com/picjumbo.com/wp-content/uploads/viktorhanacek-free-photo.jpg?resize=100,full/27d418e8ea62edf0508b194029b724cc3b68fb35.jpg,Data Password Security Lock Free Image,Abstract
http://i0.wp.com/picjumbo.com/wp-content/uploads/data-password-security-lock-free-image.jpeg?w=600&quality=80,full/345d17253771a3096c719c659a398a9ae75589bd.jpg,Data Password Security Lock Free Image,Abstract
http://i0.wp.com/picjumbo.com/wp-content/uploads/pastel-color-liquid-ink-art-wallpaper-free-photo.jpg?w=1024&quality=50,full/a2a17faf4af1176ea76811f9bf1f652484cff59d.jpg,Pastel Color Liquid Ink Art Wallpaper Free Image,Abstract
http://i0.wp.com/picjumbo.com/wp-content/uploads/pastel-color-liquid-ink-art-wallpaper-free-photo.jpg?w=2210&quality=70,full/247edde6b6c78e7d1d56b45f2f39e76dc96a0f56.jpg,Pastel Color Liquid Ink Art Wallpaper Free Image,Abstract
http://i0.wp.com/picjumbo.com/wp-content/uploads/pastel-color-liquid-ink-art-wallpaper-free-photo.jpg?w=600&quality=80,full/7ed449d00767dc324672bfbb939c4747f4a9ba8a.jpg,Pastel Color Liquid Ink Art Wallpaper Free Image,Abstract
http://i0.wp.com/picjumbo.com/wp-content/uploads/viktorhanacek-free-photo.jpg?resize=100,full/27d418e8ea62edf0508b194029b724cc3b68fb35.jpg,Pastel Color Liquid Ink Art Wallpaper Free Image,Abstract
http://i0.wp.com/picjumbo.com/wp-content/uploads/pastel-color-liquid-ink-art-wallpaper-free-photo.jpg?w=1500&quality=50,full/660fe04536d0efeabd4b8f2bf9726a4e0b6321d4.jpg,Pastel Color Liquid Ink Art Wallpaper Free Image,Abstract
http://i0.wp.com/picjumbo.com/wp-content/uploads/diagonal-3d-colored-stripes-background-free-photo.jpg?w=600&quality=80,full/6f1b6b7b1f0552f0d6b18ec47a9d6b83ec8be4ec.jpg,Diagonal 3D Colored Stripes Background Free Image,Abstract
http://i0.wp.com/picjumbo.com/wp-content/uploads/diagonal-3d-colored-stripes-background-free-photo.jpg?w=2210&quality=70,full/4d630ad40799b823a8d4741e15648dc358098237.jpg,Diagonal 3D Colored Stripes Background Free Image,Abstract
http://i0.wp.com/picjumbo.com/wp-content/uploads/abstract-lines-premium-visuals-and-wallpapers.jpg?resize=520,full/49143c7bd7c65b95a4ecf4e63f101a1694f93b97.jpg,Diagonal 3D Colored Stripes Background Free Image,Abstract
http://i0.wp.com/picjumbo.com/wp-content/uploads/diagonal-3d-colored-stripes-background-free-photo.jpg?w=1500&quality=50,full/5e56e8d6ca37d1c220b9b51123f2d0ec4092d245.jpg,Diagonal 3D Colored Stripes Background Free Image,Abstract
http://i0.wp.com/picjumbo.com/wp-content/uploads/viktorhanacek-free-photo.jpg?resize=100,full/27d418e8ea62edf0508b194029b724cc3b68fb35.jpg,Diagonal 3D Colored Stripes Background Free Image,Abstract
https://picjumbo.com/wp-content/themes/picjumbofree/data/logo_premium_gold.png,full/8ddc4f4496ac23892e892d09803226070923f7c6.jpg,Diagonal 3D Colored Stripes Background Free Image,Abstract
http://i0.wp.com/picjumbo.com/wp-content/uploads/abstract-lines-premium-visuals-and-wallpapers.jpg?resize=260,full/85cec3270e2f5b119db497f9405630710745db9d.jpg,Diagonal 3D Colored Stripes Background Free Image,Abstract
http://i0.wp.com/picjumbo.com/wp-content/uploads/diagonal-3d-colored-stripes-background-free-photo.jpg?w=1024&quality=50,full/f00f813cdb1ec4de46c8da694b235b5d4c60bfda.jpg,Diagonal 3D Colored Stripes Background Free Image,Abstract
http://i0.wp.com/picjumbo.com/wp-content/uploads/abstract-lines-wallpapers.jpg?quality=50,full/6c74b83dfeecf55b69556bfc78050e1a976a56fd.jpg,Diagonal 3D Colored Stripes Background Free Image,Abstract
http://i0.wp.com/picjumbo.com/wp-content/uploads/free-background-free-photo.jpeg?w=2210&quality=70,full/44ea561a387753c17f6a1a8ea4defac1f8f47b0e.jpg,Free Background,Abstract
http://i0.wp.com/picjumbo.com/wp-content/uploads/free-background-free-photo.jpeg?w=1500&quality=50,full/e6542565fd5b4e45d245a417e7ba057fb0f7ddc2.jpg,Free Background,Abstract
http://i0.wp.com/picjumbo.com/wp-content/uploads/viktorhanacek-free-photo.jpg?resize=100,full/27d418e8ea62edf0508b194029b724cc3b68fb35.jpg,Free Background,Abstract
http://i0.wp.com/picjumbo.com/wp-content/uploads/free-background-free-photo.jpeg?w=1024&quality=50,full/4e68daf1282d7434a4cc0507d06f10924fc2190c.jpg,Free Background,Abstract
http://i0.wp.com/picjumbo.com/wp-content/uploads/free-background-free-photo.jpeg?w=600&quality=80,full/020478ba9955b1338dd7fe914066f51ff8cef9a2.jpg,Free Background,Abstract
http://i0.wp.com/picjumbo.com/wp-content/uploads/abstract-glossy-3d-cuboids-free-image.jpeg?w=1024&quality=50,full/18d5c0beb2a7d054599b57c93ca19bf442a2dc46.jpg,Abstract Glossy 3D Cuboids Free Image,Abstract
http://i0.wp.com/picjumbo.com/wp-content/uploads/abstract-glossy-3d-cuboids-free-image.jpeg?w=2210&quality=70,full/7a0e7fa81370d950cc28b4e2a605dd361eb11432.jpg,Abstract Glossy 3D Cuboids Free Image,Abstract
http://i0.wp.com/picjumbo.com/wp-content/uploads/abstract-glossy-3d-cuboids-free-image.jpeg?w=600&quality=80,full/4597352390ecc507e0e2c5b376a8a7bad1cd6393.jpg,Abstract Glossy 3D Cuboids Free Image,Abstract
http://i0.wp.com/picjumbo.com/wp-content/uploads/viktorhanacek-free-photo.jpg?resize=100,full/27d418e8ea62edf0508b194029b724cc3b68fb35.jpg,Abstract Glossy 3D Cuboids Free Image,Abstract
http://i0.wp.com/picjumbo.com/wp-content/uploads/abstract-glossy-3d-cuboids-free-image.jpeg?w=1500&quality=50,full/0f7c80de9ad4c1aa27be528f9a82175eaaa93a5d.jpg,Abstract Glossy 3D Cuboids Free Image,Abstract
http://i0.wp.com/picjumbo.com/wp-content/uploads/futuristic-orange-and-blue-glowing-3d-wallpaper-free-photo.jpeg?w=1024&quality=50,full/de8bc2819f01edf37c840438548e3f7492bc7007.jpg,Futuristic Orange and Blue Glowing 3D Wallpaper Free Image,Abstract
http://i0.wp.com/picjumbo.com/wp-content/uploads/futuristic-orange-and-blue-glowing-3d-wallpaper-free-photo.jpeg?w=600&quality=80,full/11d8704d282e7656a41c83bf7c9cd607fca284b0.jpg,Futuristic Orange and Blue Glowing 3D Wallpaper Free Image,Abstract
http://i0.wp.com/picjumbo.com/wp-content/uploads/futuristic-orange-and-blue-glowing-3d-wallpaper-free-photo.jpeg?w=2210&quality=70,full/13d6fb78a2b3cc19a4bde619fb09849422c90c49.jpg,Futuristic Orange and Blue Glowing 3D Wallpaper Free Image,Abstract
http://i0.wp.com/picjumbo.com/wp-content/uploads/futuristic-orange-and-blue-glowing-3d-wallpaper-free-photo.jpeg?w=1500&quality=50,full/386b2f3f4be368a9b784fc80e461cef99997da6d.jpg,Futuristic Orange and Blue Glowing 3D Wallpaper Free Image,Abstract
http://i0.wp.com/picjumbo.com/wp-content/uploads/viktorhanacek-free-photo.jpg?resize=100,full/27d418e8ea62edf0508b194029b724cc3b68fb35.jpg,Futuristic Orange and Blue Glowing 3D Wallpaper Free Image,Abstract
http://i0.wp.com/picjumbo.com/wp-content/uploads/abstract-chaotic-3d-sphere-free-image.jpeg?w=600&quality=80,full/631397946e315fa1b45cfb8bc6aa5cce48bcc256.jpg,Abstract Chaotic 3D Sphere Free Image,Abstract
http://i0.wp.com/picjumbo.com/wp-content/uploads/abstract-chaotic-3d-sphere-free-image.jpeg?w=1024&quality=50,full/01da730ee5f7716a8953f6a1085df58606dfffb5.jpg,Abstract Chaotic 3D Sphere Free Image,Abstract
http://i0.wp.com/picjumbo.com/wp-content/uploads/abstract-chaotic-3d-sphere-free-image.jpeg?w=1500&quality=50,full/37a75185ccba13ce6c77dd4abb1942a7c923eea9.jpg,Abstract Chaotic 3D Sphere Free Image,Abstract
http://i0.wp.com/picjumbo.com/wp-content/uploads/abstract-chaotic-3d-sphere-free-image.jpeg?w=2210&quality=70,full/4b3a7d1a5359fc25c47375d33af8854c4a9625cc.jpg,Abstract Chaotic 3D Sphere Free Image,Abstract
http://i0.wp.com/picjumbo.com/wp-content/uploads/viktorhanacek-free-photo.jpg?resize=100,full/27d418e8ea62edf0508b194029b724cc3b68fb35.jpg,Abstract Chaotic 3D Sphere Free Image,Abstract
http://i0.wp.com/picjumbo.com/wp-content/uploads/dark-oil-liquid-smartphone-wallpaper-free-image.jpeg?w=600&quality=80,full/7235cf93bcfae35236e9c946ae13b53c008bd40f.jpg,Dark Oil Liquid Smartphone Wallpaper Free Image,Abstract
http://i0.wp.com/picjumbo.com/wp-content/uploads/dark-oil-liquid-smartphone-wallpaper-free-image.jpeg?w=1024&quality=50,full/b452aca179a8804dc5534df0a718bc4f76fbe854.jpg,Dark Oil Liquid Smartphone Wallpaper Free Image,Abstract
http://i0.wp.com/picjumbo.com/wp-content/uploads/dark-oil-liquid-smartphone-wallpaper-free-image.jpeg?w=1500&quality=50,full/ce2ad717f004545834e3a917d453f534e9c2e368.jpg,Dark Oil Liquid Smartphone Wallpaper Free Image,Abstract
http://i0.wp.com/picjumbo.com/wp-content/uploads/viktorhanacek-free-photo.jpg?resize=100,full/27d418e8ea62edf0508b194029b724cc3b68fb35.jpg,Dark Oil Liquid Smartphone Wallpaper Free Image,Abstract
http://i0.wp.com/picjumbo.com/wp-content/uploads/dark-oil-liquid-smartphone-wallpaper-free-image.jpeg?w=2210&quality=70,full/2d60c57e86552acfae918b74bcb7ee3bf49e38db.jpg,Dark Oil Liquid Smartphone Wallpaper Free Image,Abstract
http://i0.wp.com/picjumbo.com/wp-content/uploads/sparklers-close-up-free-photo.jpg?w=1024&quality=50,full/6ad50196d0aaad00becbc7cf155a8c3d7e42ac4a.jpg,Sparklers Close Up Free Image,Abstract
http://i0.wp.com/picjumbo.com/wp-content/uploads/sparklers-close-up-free-photo.jpg?w=1500&quality=50,full/92e4366e0581ec394a89a34ee505a1eceb599098.jpg,Sparklers Close Up Free Image,Abstract
http://i0.wp.com/picjumbo.com/wp-content/uploads/viktorhanacek-free-photo.jpg?resize=100,full/27d418e8ea62edf0508b194029b724cc3b68fb35.jpg,Sparklers Close Up Free Image,Abstract
http://i0.wp.com/picjumbo.com/wp-content/uploads/sparklers-close-up-free-photo.jpg?w=600&quality=80,full/168d65b140d25013501e7064c173c6ea1f0caab6.jpg,Sparklers Close Up Free Image,Abstract
http://i0.wp.com/picjumbo.com/wp-content/uploads/sparklers-close-up-free-photo.jpg?w=2210&quality=70,full/666ac0f0a7b37bd6bf4557f201eab55769b5e3f3.jpg,Sparklers Close Up Free Image,Abstract
http://i0.wp.com/picjumbo.com/wp-content/uploads/abstract-color-chaos-liquid-ink-free-photo.jpg?w=1500&quality=50,full/b7ac7ea9418ef3f9e29cec7eb021654a5211428d.jpg,Abstract Color Chaos Liquid Ink Free Image,Abstract
http://i0.wp.com/picjumbo.com/wp-content/uploads/viktorhanacek-free-photo.jpg?resize=100,full/27d418e8ea62edf0508b194029b724cc3b68fb35.jpg,Abstract Color Chaos Liquid Ink Free Image,Abstract
http://i0.wp.com/picjumbo.com/wp-content/uploads/abstract-color-chaos-liquid-ink-free-photo.jpg?w=600&quality=80,full/df115027caf3d34a7232c039e370222c441fdd0f.jpg,Abstract Color Chaos Liquid Ink Free Image,Abstract
http://i0.wp.com/picjumbo.com/wp-content/uploads/abstract-color-chaos-liquid-ink-free-photo.jpg?w=1024&quality=50,full/e72aef117fadfde0e3f4f9c4c30534bb4d1a8f05.jpg,Abstract Color Chaos Liquid Ink Free Image,Abstract
http://i0.wp.com/picjumbo.com/wp-content/uploads/abstract-color-chaos-liquid-ink-free-photo.jpg?w=2210&quality=70,full/24ae2e98d51cf53b28bf718d03f72ba538c9783b.jpg,Abstract Color Chaos Liquid Ink Free Image,Abstract
http://i0.wp.com/picjumbo.com/wp-content/uploads/3d-abstract-glowing-colorful-lines-free-photo.jpg?w=1500&quality=50,full/f720fe6bbc3169dac99aaf5109f6998aad922f37.jpg,3D Abstract Glowing Colorful Lines Free Image,Abstract
http://i0.wp.com/picjumbo.com/wp-content/uploads/3d-abstract-glowing-colorful-lines-free-photo.jpg?w=1024&quality=50,full/cf4f1ba5400df63e467841b7996f6cb7d78151e5.jpg,3D Abstract Glowing Colorful Lines Free Image,Abstract
http://i0.wp.com/picjumbo.com/wp-content/uploads/abstract-lines-premium-visuals-and-wallpapers.jpg?resize=520,full/49143c7bd7c65b95a4ecf4e63f101a1694f93b97.jpg,3D Abstract Glowing Colorful Lines Free Image,Abstract
http://i0.wp.com/picjumbo.com/wp-content/uploads/3d-abstract-glowing-colorful-lines-free-photo.jpg?w=2210&quality=70,full/c209be66d6ac06def107372a076cf62f3b55d801.jpg,3D Abstract Glowing Colorful Lines Free Image,Abstract
http://i0.wp.com/picjumbo.com/wp-content/uploads/3d-abstract-glowing-colorful-lines-free-photo.jpg?w=600&quality=80,full/d2c695d2bd8d77d9305aab4d71fae8d248994e40.jpg,3D Abstract Glowing Colorful Lines Free Image,Abstract
http://i0.wp.com/picjumbo.com/wp-content/uploads/viktorhanacek-free-photo.jpg?resize=100,full/27d418e8ea62edf0508b194029b724cc3b68fb35.jpg,3D Abstract Glowing Colorful Lines Free Image,Abstract
http://i0.wp.com/picjumbo.com/wp-content/uploads/abstract-lines-premium-visuals-and-wallpapers.jpg?resize=260,full/85cec3270e2f5b119db497f9405630710745db9d.jpg,3D Abstract Glowing Colorful Lines Free Image,Abstract
https://picjumbo.com/wp-content/themes/picjumbofree/data/logo_premium_gold.png,full/8ddc4f4496ac23892e892d09803226070923f7c6.jpg,3D Abstract Glowing Colorful Lines Free Image,Abstract
http://i0.wp.com/picjumbo.com/wp-content/uploads/abstract-lines-wallpapers.jpg?quality=50,full/6c74b83dfeecf55b69556bfc78050e1a976a56fd.jpg,3D Abstract Glowing Colorful Lines Free Image,Abstract
http://i0.wp.com/picjumbo.com/wp-content/uploads/astronaut-listening-to-music-free-photo.jpg?w=600&quality=80,full/ca952eb447324069e5c368d2e6490bc74bdc75e3.jpg,Astronaut Listening to Music Free Image,Abstract
http://i0.wp.com/picjumbo.com/wp-content/uploads/astronaut-listening-to-music-free-photo.jpg?w=1024&quality=50,full/ec3e05a0c0a69807f0735e6d35661083764479e0.jpg,Astronaut Listening to Music Free Image,Abstract
http://i0.wp.com/picjumbo.com/wp-content/uploads/astronaut-listening-to-music-free-photo.jpg?w=2210&quality=70,full/866f91d48ade16497be288bbef2a3045b05e5d89.jpg,Astronaut Listening to Music Free Image,Abstract
http://i0.wp.com/picjumbo.com/wp-content/uploads/viktorhanacek-free-photo.jpg?resize=100,full/27d418e8ea62edf0508b194029b724cc3b68fb35.jpg,Astronaut Listening to Music Free Image,Abstract
http://i0.wp.com/picjumbo.com/wp-content/uploads/astronaut-listening-to-music-free-photo.jpg?w=1500&quality=50,full/da3180fe1d6e5fd9116e2cff1291798b45750f7a.jpg,Astronaut Listening to Music Free Image,Abstract
http://i0.wp.com/picjumbo.com/wp-content/uploads/dark-abstract-background-wallpaper-black-and-orange-free-photo.jpg?w=1500&quality=50,full/f839c82ca6c43237f61f701b75e07e53aa7f8fd7.jpg,Dark Abstract Background Wallpaper Black and Orange Free Image,Abstract
http://i0.wp.com/picjumbo.com/wp-content/uploads/dark-abstract-background-wallpaper-black-and-orange-free-photo.jpg?w=600&quality=80,full/a1678c4d5aa553418f33fd8186e051a9225f64c0.jpg,Dark Abstract Background Wallpaper Black and Orange Free Image,Abstract
http://i0.wp.com/picjumbo.com/wp-content/uploads/viktorhanacek-free-photo.jpg?resize=100,full/27d418e8ea62edf0508b194029b724cc3b68fb35.jpg,Dark Abstract Background Wallpaper Black and Orange Free Image,Abstract
http://i0.wp.com/picjumbo.com/wp-content/uploads/dark-abstract-background-wallpaper-black-and-orange-free-photo.jpg?w=1024&quality=50,full/81eff3336e3aca9c81eb437f225d659ecabfc213.jpg,Dark Abstract Background Wallpaper Black and Orange Free Image,Abstract
http://i0.wp.com/picjumbo.com/wp-content/uploads/dark-abstract-background-wallpaper-black-and-orange-free-photo.jpg?w=2210&quality=70,full/e96b6219455ba12c32f9383c082f4c5656ed95fa.jpg,Dark Abstract Background Wallpaper Black and Orange Free Image,Abstract
http://i0.wp.com/picjumbo.com/wp-content/uploads/gray-acoustic-foam-pyramid-free-photo.jpg?w=1024&quality=50,full/4ce4323ff428b2bb1c3bdb64e2652eea4da54fc9.jpg,Gray Acoustic Foam Pyramid Free Photo,Abstract
http://i0.wp.com/picjumbo.com/wp-content/uploads/gray-acoustic-foam-pyramid-free-photo.jpg?w=2210&quality=70,full/c53dc264c3b7c364da8b071ad9104731d76aa68c.jpg,Gray Acoustic Foam Pyramid Free Photo,Abstract
http://i0.wp.com/picjumbo.com/wp-content/uploads/gray-acoustic-foam-pyramid-free-photo.jpg?w=1500&quality=50,full/58a5515664d7ab7d74259a63392e389b70a1c958.jpg,Gray Acoustic Foam Pyramid Free Photo,Abstract
http://i0.wp.com/picjumbo.com/wp-content/uploads/viktorhanacek-free-photo.jpg?resize=100,full/27d418e8ea62edf0508b194029b724cc3b68fb35.jpg,Gray Acoustic Foam Pyramid Free Photo,Abstract
http://i0.wp.com/picjumbo.com/wp-content/uploads/gray-acoustic-foam-pyramid-free-photo.jpg?w=600&quality=80,full/b3b1e12a73319aca0ce3a334f1d139b1b627a528.jpg,Gray Acoustic Foam Pyramid Free Photo,Abstract
http://i0.wp.com/picjumbo.com/wp-content/uploads/calm-lion-face-portrait-in-colorful-painting-free-photo.jpg?w=1500&quality=50,full/cfb663622dc8522aba45d51d866c29dbb899b345.jpg,Calm Lion Face Portrait in Colorful Painting Free Image,Abstract
http://i0.wp.com/picjumbo.com/wp-content/uploads/calm-lion-face-portrait-in-colorful-painting-free-photo.jpg?w=1024&quality=50,full/ff218aaeb327ab0bad27d99ac448f5e174c21287.jpg,Calm Lion Face Portrait in Colorful Painting Free Image,Abstract
http://i0.wp.com/picjumbo.com/wp-content/uploads/calm-lion-face-portrait-in-colorful-painting-free-photo.jpg?w=600&quality=80,full/70ed1bf302933e7f42792c6cf0eaef627be789b1.jpg,Calm Lion Face Portrait in Colorful Painting Free Image,Abstract
http://i0.wp.com/picjumbo.com/wp-content/uploads/calm-lion-face-portrait-in-colorful-painting-free-photo.jpg?w=2210&quality=70,full/793a1b0a2f003470992137ca94a3a3abd12eee1d.jpg,Calm Lion Face Portrait in Colorful Painting Free Image,Abstract
http://i0.wp.com/picjumbo.com/wp-content/uploads/viktorhanacek-free-photo.jpg?resize=100,full/27d418e8ea62edf0508b194029b724cc3b68fb35.jpg,Calm Lion Face Portrait in Colorful Painting Free Image,Abstract
http://i0.wp.com/picjumbo.com/wp-content/uploads/black-rock-texture-free-photo.jpg?w=600&quality=80,full/c66a20022cc90e3af7374b17f712b9645becaa13.jpg,Black Rock Texture Free Photo,Abstract
http://i0.wp.com/picjumbo.com/wp-content/uploads/black-rock-texture-free-photo.jpg?w=1024&quality=50,full/34a0e2b98b86b61f8db9052af613e5e654ac626b.jpg,Black Rock Texture Free Photo,Abstract
http://i0.wp.com/picjumbo.com/wp-content/uploads/iceland-nature-textures.jpg?quality=50,full/30e34f873180960e56a4a643853ea71fbf531902.jpg,Black Rock Texture Free Photo,Abstract
http://i0.wp.com/picjumbo.com/wp-content/uploads/iceland-textures-picjumbo-premium.jpg?resize=260,full/373d84fe2306fc089377d2035c2490a41fe5671a.jpg,Black Rock Texture Free Photo,Abstract
http://i0.wp.com/picjumbo.com/wp-content/uploads/iceland-textures-picjumbo-premium.jpg?resize=520,full/95003d152f6bdbc3a0062c84c040ecf3b198a045.jpg,Black Rock Texture Free Photo,Abstract
http://i0.wp.com/picjumbo.com/wp-content/uploads/viktorhanacek-free-photo.jpg?resize=100,full/27d418e8ea62edf0508b194029b724cc3b68fb35.jpg,Black Rock Texture Free Photo,Abstract
https://picjumbo.com/wp-content/themes/picjumbofree/data/logo_premium_gold.png,full/8ddc4f4496ac23892e892d09803226070923f7c6.jpg,Black Rock Texture Free Photo,Abstract
http://i0.wp.com/picjumbo.com/wp-content/uploads/black-rock-texture-free-photo.jpg?w=1500&quality=50,full/17630d46f3444e8662f9dd8ee953d3ed0f28f36f.jpg,Black Rock Texture Free Photo,Abstract
http://i0.wp.com/picjumbo.com/wp-content/uploads/black-rock-texture-free-photo.jpg?w=2210&quality=70,full/26d2629ca8b0984680e985de1e7de5b952e58ba3.jpg,Black Rock Texture Free Photo,Abstract
http://i0.wp.com/picjumbo.com/wp-content/uploads/beauty-art-face-with-colorful-liquid-artistic-splash-with-space-for-text-free-photo.jpg?w=2210&quality=70,full/f6b9180165383064a9ed88f4ae4ffd5d3e9d4ae8.jpg,Beauty Art Face With Colorful Liquid Artistic Splash with Space for Text Free Image,Abstract
http://i0.wp.com/picjumbo.com/wp-content/uploads/viktorhanacek-free-photo.jpg?resize=100,full/27d418e8ea62edf0508b194029b724cc3b68fb35.jpg,Beauty Art Face With Colorful Liquid Artistic Splash with Space for Text Free Image,Abstract
http://i0.wp.com/picjumbo.com/wp-content/uploads/beauty-art-face-with-colorful-liquid-artistic-splash-with-space-for-text-free-photo.jpg?w=1500&quality=50,full/427989e5e2f4f26863ca0fcdb89fd399f604176a.jpg,Beauty Art Face With Colorful Liquid Artistic Splash with Space for Text Free Image,Abstract
http://i0.wp.com/picjumbo.com/wp-content/uploads/beauty-art-face-with-colorful-liquid-artistic-splash-with-space-for-text-free-photo.jpg?w=1024&quality=50,full/6b04745fd9656bce54c9001595ee06d8ea3a5e89.jpg,Beauty Art Face With Colorful Liquid Artistic Splash with Space for Text Free Image,Abstract
http://i0.wp.com/picjumbo.com/wp-content/uploads/beauty-art-face-with-colorful-liquid-artistic-splash-with-space-for-text-free-photo.jpg?w=600&quality=80,full/e1504178c318f26f49f544ecc26c77cad168d905.jpg,Beauty Art Face With Colorful Liquid Artistic Splash with Space for Text Free Image,Abstract
http://i0.wp.com/picjumbo.com/wp-content/uploads/dark-rocks-texture-free-image.jpg?w=2210&quality=70,full/6f32846156face0d9be93da9b6ba38e8fb48f72f.jpg,Dark Rocks Texture Free Photo,Abstract
http://i0.wp.com/picjumbo.com/wp-content/uploads/iceland-photography-collection.jpg?resize=520,full/f68211d49cee4c345a2f272aea5e31c7400818ec.jpg,Dark Rocks Texture Free Photo,Abstract
http://i0.wp.com/picjumbo.com/wp-content/uploads/dark-rocks-texture-free-image.jpg?w=1024&quality=50,full/805c850c5c3e0dd312eda5b96f808b3dc3a307a2.jpg,Dark Rocks Texture Free Photo,Abstract
http://i0.wp.com/picjumbo.com/wp-content/uploads/iceland-photography-collection.jpg?resize=260,full/7e95431cfc793cd8ffae7c7545abc795cdd521da.jpg,Dark Rocks Texture Free Photo,Abstract
http://i0.wp.com/picjumbo.com/wp-content/uploads/iceland-photos.jpg?quality=50,full/d03428e638a389ad4dcddc397b7e35c58c22e859.jpg,Dark Rocks Texture Free Photo,Abstract
http://i0.wp.com/picjumbo.com/wp-content/uploads/dark-rocks-texture-free-image.jpg?w=600&quality=80,full/87c6f82f2395bf9473b2dedb8bacd519a3d887c5.jpg,Dark Rocks Texture Free Photo,Abstract
http://i0.wp.com/picjumbo.com/wp-content/uploads/dark-rocks-texture-free-image.jpg?w=1500&quality=50,full/d573c72128d935724ef8ed201f6a560fcf617f5a.jpg,Dark Rocks Texture Free Photo,Abstract
http://i0.wp.com/picjumbo.com/wp-content/uploads/viktorhanacek-free-photo.jpg?resize=100,full/27d418e8ea62edf0508b194029b724cc3b68fb35.jpg,Dark Rocks Texture Free Photo,Abstract
https://picjumbo.com/wp-content/themes/picjumbofree/data/logo_premium_gold.png,full/8ddc4f4496ac23892e892d09803226070923f7c6.jpg,Dark Rocks Texture Free Photo,Abstract
http://i0.wp.com/picjumbo.com/wp-content/uploads/man-standing-in-front-of-shop-at-night-free-photo.jpg?w=600&quality=80,full/d67c2f5f430ac39ba05023e9a1d3ffdf82cb83f6.jpg,Man Standing in Front of Shop at Night Free Image,Abstract
http://i0.wp.com/picjumbo.com/wp-content/uploads/man-standing-in-front-of-shop-at-night-free-photo.jpg?w=1500&quality=50,full/e9fabb1c2a01f6b64420cd3b0857f09582d60922.jpg,Man Standing in Front of Shop at Night Free Image,Abstract
http://i0.wp.com/picjumbo.com/wp-content/uploads/man-standing-in-front-of-shop-at-night-free-photo.jpg?w=1024&quality=50,full/6457d195cd95120e4ffddd49cb9297b2456d58de.jpg,Man Standing in Front of Shop at Night Free Image,Abstract
http://i0.wp.com/picjumbo.com/wp-content/uploads/viktorhanacek-free-photo.jpg?resize=100,full/27d418e8ea62edf0508b194029b724cc3b68fb35.jpg,Man Standing in Front of Shop at Night Free Image,Abstract
http://i0.wp.com/picjumbo.com/wp-content/uploads/man-standing-in-front-of-shop-at-night-free-photo.jpg?w=2210&quality=70,full/7d0bbd5b45a45ca8caa994b3669eaba57302cfcc.jpg,Man Standing in Front of Shop at Night Free Image,Abstract
http://i0.wp.com/picjumbo.com/wp-content/uploads/ferris-wheel-amusement-park-with-place-for-text-free-photo.jpg?w=1500&quality=50,full/d339db536804e1cf556dfae98aab1c5d69d36a81.jpg,Ferris Wheel Amusement Park with Place for Text Free Photo,Abstract
http://i0.wp.com/picjumbo.com/wp-content/uploads/ferris-wheel-amusement-park-with-place-for-text-free-photo.jpg?w=1024&quality=50,full/f4f99424ab6353192f1768b2f3359082c3317963.jpg,Ferris Wheel Amusement Park with Place for Text Free Photo,Abstract
http://i0.wp.com/picjumbo.com/wp-content/uploads/ferris-wheel-amusement-park-with-place-for-text-free-photo.jpg?w=2210&quality=70,full/a70a090c32954be4cbaacb434f7fde8be824521d.jpg,Ferris Wheel Amusement Park with Place for Text Free Photo,Abstract
http://i0.wp.com/picjumbo.com/wp-content/uploads/ferris-wheel-amusement-park-with-place-for-text-free-photo.jpg?w=600&quality=80,full/c89c41f420cea4b5dea94f0d4171897eebcf0824.jpg,Ferris Wheel Amusement Park with Place for Text Free Photo,Abstract
http://i0.wp.com/picjumbo.com/wp-content/uploads/viktorhanacek-free-photo.jpg?resize=100,full/27d418e8ea62edf0508b194029b724cc3b68fb35.jpg,Ferris Wheel Amusement Park with Place for Text Free Photo,Abstract
http://i0.wp.com/picjumbo.com/wp-content/uploads/railway-train-big-city-transportation-free-photo.jpg?w=1500&quality=50,full/54a222be360accb266e754f7a50c8fb7980fe857.jpg,Railway Train Big City Transportation Free Image,Abstract
http://i0.wp.com/picjumbo.com/wp-content/uploads/viktorhanacek-free-photo.jpg?resize=100,full/27d418e8ea62edf0508b194029b724cc3b68fb35.jpg,Railway Train Big City Transportation Free Image,Abstract
http://i0.wp.com/picjumbo.com/wp-content/uploads/railway-train-big-city-transportation-free-photo.jpg?w=600&quality=80,full/53be58cb299117f42186f88c1384c482c04c0ef8.jpg,Railway Train Big City Transportation Free Image,Abstract
http://i0.wp.com/picjumbo.com/wp-content/uploads/railway-train-big-city-transportation-free-photo.jpg?w=2210&quality=70,full/18a6ac63719b25a95f94f0e88c57d9d07e54c19d.jpg,Railway Train Big City Transportation Free Image,Abstract
http://i0.wp.com/picjumbo.com/wp-content/uploads/railway-train-big-city-transportation-free-photo.jpg?w=1024&quality=50,full/2c6bba9532e3035c43fdbc825b67ee059ede2fe7.jpg,Railway Train Big City Transportation Free Image,Abstract
http://i0.wp.com/picjumbo.com/wp-content/uploads/viktorhanacek-free-photo.jpg?resize=100,full/27d418e8ea62edf0508b194029b724cc3b68fb35.jpg,Astronaut in Fantasy Psychedelic Scenery Free Image,Abstract
http://i0.wp.com/picjumbo.com/wp-content/uploads/astronaut-in-fantasy-psychedelic-scenery-free-image.jpg?w=600&quality=80,full/6257e36c47b61565acb4e7e8c7407aa9e7648aae.jpg,Astronaut in Fantasy Psychedelic Scenery Free Image,Abstract
http://i0.wp.com/picjumbo.com/wp-content/uploads/astronaut-in-fantasy-psychedelic-scenery-free-image.jpg?w=2210&quality=70,full/68d469e39c9d2a1e8a723a417d634eb49bd368a1.jpg,Astronaut in Fantasy Psychedelic Scenery Free Image,Abstract
http://i0.wp.com/picjumbo.com/wp-content/uploads/astronaut-in-fantasy-psychedelic-scenery-free-image.jpg?w=1024&quality=50,full/30c39fc32d86fc2158516c4570260ffe0ef1d2d8.jpg,Astronaut in Fantasy Psychedelic Scenery Free Image,Abstract
